"store_type","total_sales","percentage_of_total_sales","count_of_orders"
"Local",4191902.019999569,65.00963681833628,"77714"
"Mall Kiosk",704362.4400000164,10.923524976111667,"13041"
"Outlet",507724.09000000224,7.873981437863812,"9145"
"Super Store",1043067.7200000074,16.176297377804055,"19107"
"Web Portal",1067.77,0.0165593898841944,"43"
